Type,Name,Request Count,Failure Count,Median Response Time,Average Response Time,Min Response Time,Max Response Time,Average Content Size,Requests/s,Failures/s,50%,66%,75%,80%,90%,95%,98%,99%,99.9%,99.99%,100%
GET,/,33373,33294,1900.0,7008.486015656344,78.70650000040769,389885.0947000001,809.9561621670213,76.61282148707534,76.43146491447236,1900,2700,3300,3700,6000,13000,105000,110000,254000,389000,390000
GET,/about,33539,33515,1900.0,7215.132951268689,75.59149999997317,389163.3466000003,408.6723515906855,76.99389985482334,76.93880418719712,1900,2700,3300,3700,6100,14000,105000,110000,245000,388000,389000
GET,/blog,32911,32878,1900.0,7142.979195700512,78.2734000003984,389046.95319999976,474.7622375497554,75.55222988527062,75.47647334228456,1900,2700,3300,3700,6100,14000,105000,110000,272000,388000,389000
GET,/contact,33155,33116,1900.0,6806.109289724024,79.26080000015645,389119.4271000004,486.4259990951591,76.11236917280384,76.02283871291124,1900,2700,3300,3700,6000,13000,105000,110000,240000,388000,389000
GET,/shows,33392,33360,1900.0,7093.674778108531,74.05560000006517,390083.2422000003,452.3640392908481,76.65643889061275,76.58297800044446,1900,2700,3300,3700,6000,14000,105000,110000,264000,389000,390000
,Aggregated,166370,166163,1900.0,7053.517327969147,74.05560000006517,390083.2422000003,526.5061188916271,381.92775929058587,381.45255915730974,1900,2700,3300,3700,6000,14000,105000,110000,258000,389000,390000
